AU01_r;AU02_r;AU04_r;AU05_r;AU06_r;AU07_r;AU09_r;AU10_r;AU12_r;AU14_r;AU15_r;AU17_r;AU20_r;AU23_r;AU25_r;AU26_r;AU45_r;emotion
0.7591108559075862;0.6500517462676485;0.39644193744511247;0.6848323988380735;0.3022315746808079;0.48586232520435046;0.3052234006620279;0.4559294737553198;0.295973248665811;0.4986221711815172;0.5157958521921232;0.5009063027764643;0.43903735729244076;0.18435763021009255;0.39699196108896845;0.5484238330068228;0.24750131730054714;Neutral
0.5703461796070108;0.4187697077792579;0.34304901451696657;0.44894618412239706;1.4307345780747895;1.26761309160966;0.49645053018159385;1.3524079049360698;1.9244909278366034;1.2292569932043438;0.19479240512044796;0.2678783705476411;0.41607040992180855;0.20098766547008928;1.462468561623733;0.527989975842684;0.20498385749441222;Happy
0.9843366064414768;0.5469666142969363;0.7862639434406913;0.5448185388845247;0.5568059701492537;0.8672336999214454;0.47059662215239595;0.7022050274941083;0.39392498036135115;0.6129619010212098;0.7271174391201887;0.6126056559308719;0.6935899450117832;0.16995954438334643;0.575767085624509;0.5876857816182246;0.4787600157109191;Sad
1.244533147243545;1.3746810886252616;0.32780809490579205;1.5670928122819259;0.32931263084438245;0.42860153524075373;0.29760642009769717;0.5520655966503838;0.4847620376831821;0.468559665038381;0.5303998604326589;0.4142379623168179;0.4572344731332868;0.15372435450104674;0.9586678297278436;0.870159106769016;0.15106280530355898;Surprise
1.2541835518474374;1.0717833730631703;0.599445768772348;1.7483387961859358;0.4106495828367104;0.5374001787842669;0.3562395709177592;0.6467178188319429;0.3980989272943981;0.48508343265792614;0.7316001191895113;0.49687127532777114;0.6561799761620978;0.14521305125148987;0.956546483909416;0.7668027413587605;0.10806912991656735;Fear
0.6877746279234587;0.40796361918261276;1.0055279943302624;0.5539381053626269;0.8816536735175998;1.3857358847153318;1.079978738483345;1.1920434679896055;0.4972997873848335;0.6259177888022679;0.7809827545476022;0.5738412473423103;0.5305031892274982;0.15639971651311127;0.9682919914953935;0.6074320812662415;0.31846917080085047;Disgust
0.5887543252595155;0.36941136235616;0.9953134304337332;0.5970077251146697;0.643361631930474;1.017431801722057;0.7995747163434456;0.8917683270298543;0.3004627021807355;0.6252245111450873;0.7287631769534078;0.6880437756497949;0.5414400096563933;0.2374772672406856;0.6698712480888388;0.6047437032268448;0.23210066790053915;Anger
