AU01_r;AU02_r;AU04_r;AU05_r;AU06_r;AU07_r;AU09_r;AU10_r;AU12_r;AU14_r;AU15_r;AU17_r;AU20_r;AU23_r;AU25_r;AU26_r;AU45_r;emotion
0.7691607050190982;0.8204185606865536;0.6310241118900373;0.7922612216470585;0.5062387325893106;0.7407763371365841;0.4732150563364035;0.6706518853358451;0.4595559076093638;0.6535420151168323;0.6178151975577955;0.6726345910038874;0.6092880478061115;0.34354614738117223;0.5802566058873295;0.6777665864133239;0.4825489968700313;Neutral
0.6891379044199014;0.6955113273706681;0.5926503184121051;0.6761341679517907;0.9919523100608297;1.1054450882024598;0.60447328543371;1.0052622286434003;1.044637299086139;0.8185025572052298;0.41940867334640247;0.519034970216107;0.5791633439718219;0.34225143305644234;1.1469152391131707;0.6261773897317823;0.44235240237886464;Happy
0.8355707269041739;0.781545255776495;0.8831715463565438;0.7384149793905536;0.7260013086846419;1.086029511272717;0.6397514774021781;0.8053117827476535;0.5835174165219418;0.7512178086563316;0.7066890248038894;0.7315459397131124;0.766397507306247;0.3528904878110958;0.7945770654524804;0.7253417800167143;0.7120127891665166;Sad
0.9025122127382017;1.2062184990233202;0.5908033314662;1.2400719894771217;0.5573024273162863;0.7180522995894174;0.49443508660733543;0.7405088597501679;0.6833287116535056;0.6785059446634996;0.651128848401759;0.6357446249690347;0.6303478276704514;0.34133660779962105;0.987235042299336;0.8712695835528003;0.36998924990704013;Surprise
0.878700894721725;1.109351087370711;0.7884015371603018;1.312722222359575;0.6217765712676742;0.870794731797459;0.5718832898494713;0.7836754177690957;0.6204722681478175;0.7060313795697923;0.7421170503323352;0.668292403457819;0.7496591441798801;0.35011620680571787;0.9970574160548638;0.8336410923432972;0.33306369125049085;Fear
0.7440683580203806;0.7058158424136011;1.0040086530785879;0.7597503650220482;0.8005448912714258;1.224717506557882;0.9341269563744244;0.9105792605767534;0.620506766750096;0.7269439844766267;0.7331045786177008;0.7162008141377673;0.6780624062009074;0.3250113898250147;0.928882485977019;0.71452368014671;0.5511511583018269;Disgust
0.6985331624203155;0.64185683065045;0.9825700332762017;0.8060125665112364;0.7356557421288438;1.0880997278099087;0.8274298838212187;0.8966730978624997;0.5023093043373508;0.7414620501437116;0.7040795637076271;0.7679408535058186;0.6868464103946613;0.39778660862316517;0.9369048193310845;0.7501682188363545;0.44675680163509873;Anger
